{
  "personaId": "P001",
  "satisfaction": 9.327889968982255,
  "timeSpent": 42.079831927176784,
  "completed": true
}