{
  "personaId": "P002",
  "satisfaction": 8.47551212999719,
  "timeSpent": 32.63395573196408,
  "completed": true
}