{
  "personaId": "P003",
  "satisfaction": 7.686970121878693,
  "timeSpent": 30.64154980999825,
  "completed": false
}