{
  "personaId": "P004",
  "satisfaction": 6.567106293508106,
  "timeSpent": 44.942897380008446,
  "completed": true
}