{
  "personaId": "P005",
  "satisfaction": 6.387959997395906,
  "timeSpent": 20.339294544805735,
  "completed": true
}