{
  "personaId": "P021",
  "satisfaction": 8.616523265197248,
  "timeSpent": 30.17647214472876,
  "completed": true
}