{
  "personaId": "P022",
  "satisfaction": 7.026294258043302,
  "timeSpent": 22.893820648876822,
  "completed": false
}