{
  "personaId": "P023",
  "satisfaction": 6.9968530077745665,
  "timeSpent": 35.686949285115226,
  "completed": true
}