{
  "personaId": "P024",
  "satisfaction": 6.909373543375601,
  "timeSpent": 46.627495362039845,
  "completed": true
}