{
  "personaId": "P025",
  "satisfaction": 9.780857877991043,
  "timeSpent": 38.70987767132068,
  "completed": true
}