{
  "personaId": "P026",
  "satisfaction": 6.293945858014231,
  "timeSpent": 35.21890027786406,
  "completed": true
}