{
  "personaId": "P027",
  "satisfaction": 5.54686167240658,
  "timeSpent": 29.805124201364773,
  "completed": true
}