{
  "personaId": "P028",
  "satisfaction": 8.128817584183226,
  "timeSpent": 43.83600941604212,
  "completed": true
}