{
  "personaId": "P029",
  "satisfaction": 8.600123706818279,
  "timeSpent": 40.73278978994854,
  "completed": true
}