{
  "personaId": "P030",
  "satisfaction": 9.90856932983485,
  "timeSpent": 36.69033869166232,
  "completed": true
}