{
  "personaId": "P016",
  "satisfaction": 6.643373848678934,
  "timeSpent": 20.931839924236858,
  "completed": true
}