{
  "personaId": "P017",
  "satisfaction": 7.377602505210849,
  "timeSpent": 23.52237005346968,
  "completed": true
}