{
  "personaId": "P018",
  "satisfaction": 7.279333568508579,
  "timeSpent": 44.69788752861967,
  "completed": true
}