{
  "personaId": "P019",
  "satisfaction": 6.695848766203899,
  "timeSpent": 36.855739167944265,
  "completed": true
}