{
  "personaId": "P020",
  "satisfaction": 5.337279669490908,
  "timeSpent": 42.37367983283994,
  "completed": true
}