{
  "personaId": "P011",
  "satisfaction": 6.459977425286997,
  "timeSpent": 26.705884674917364,
  "completed": true
}