{
  "personaId": "P012",
  "satisfaction": 9.871208643067956,
  "timeSpent": 28.054825787592897,
  "completed": false
}