{
  "personaId": "P013",
  "satisfaction": 7.323920221195554,
  "timeSpent": 35.69479550528043,
  "completed": true
}