{
  "personaId": "P014",
  "satisfaction": 8.396832646086544,
  "timeSpent": 28.541864046420738,
  "completed": true
}