{
  "personaId": "P015",
  "satisfaction": 7.98597947328423,
  "timeSpent": 37.992839483036704,
  "completed": false
}