{
  "personaId": "P006",
  "satisfaction": 5.959082837562022,
  "timeSpent": 39.56895477476071,
  "completed": false
}