{
  "personaId": "P007",
  "satisfaction": 5.260363626509751,
  "timeSpent": 35.02296877345368,
  "completed": true
}