{
  "personaId": "P008",
  "satisfaction": 7.269179896366818,
  "timeSpent": 35.24304438136993,
  "completed": true
}