{
  "personaId": "P009",
  "satisfaction": 6.629826050226719,
  "timeSpent": 29.08076012107058,
  "completed": true
}