{
  "personaId": "P010",
  "satisfaction": 8.6424407614773,
  "timeSpent": 44.67960268081839,
  "completed": true
}